id,name,alt,path
1,Assent-Form-Template,,Files/Other/provost/Assent-Form-Template.docx
2,Applying-for-and-Managing-Grants-at-RU---revised,,Files/Other/provost/grants-office/Applying-for-and-Managing-Grants-at-RU---revised.pptx
3,Parent-For-Child-Consent-Form-Template,,Files/Other/provost/Parent-For-Child-Consent-Form-Template.docx
4,ROOSEVELT-UNIVERSITY---Sample-Informed-Consent-Form,,Files/Other/provost/ROOSEVELT-UNIVERSITY---Sample-Informed-Consent-Form.docx
5,ROOSEVELT-UNIVERSITY-Parental-Consent-Sample,,Files/Other/provost/ROOSEVELT-UNIVERSITY-Parental-Consent-Sample.docx
6,Program-Evaluation,,Files/Other/provost/study-abroad/Program-Evaluation.docx
7,OL Application 2018,,Files/Other/student-life/OL Application 2018.doc
8,SLA Nomination,,Files/Other/student-life/SLA Nomination.docx
9,ATRU-CEO-Position-Profile-071719,,Files/pdfs/_internal/ATRU-CEO-Position-Profile-071719.pdf
10,Bi-Weekly-Pay-Period-Pay-Date-Calendar,,Files/pdfs/_internal/business-office/Bi-Weekly-Pay-Period-Pay-Date-Calendar.pdf
11,Insurance-Requirements,,Files/pdfs/_internal/business-office/Insurance-Requirements.pdf
12,petty-cash-voucher,,Files/pdfs/_internal/business-office/petty-cash-voucher.pdf
13,TimesheetBlank,,Files/pdfs/_internal/business-office/TimesheetBlank.pdf
14,UniversitySponsoredStudentTravel,,Files/pdfs/_internal/business-office/UniversitySponsoredStudentTravel.pdf
15,Affidavit-of-Support,,Files/pdfs/admission/Affidavit-of-Support.pdf
16,AcademicRenewal,,Files/pdfs/advising/AcademicRenewal.pdf
17,ReinstatementPetition,,Files/pdfs/advising/ReinstatementPetition.pdf
18,Accounting-Resume,,Files/pdfs/career/Accounting-Resume.pdf
19,Action-Verbs,,Files/pdfs/career/Action-Verbs.pdf
20,Biology-resume-example,,Files/pdfs/career/Biology-resume-example.pdf
21,Career-Fair-Prep-Guide,,Files/pdfs/career/Career-Fair-Prep-Guide.pdf
22,Computer-Science-Resume,,Files/pdfs/career/Computer-Science-Resume.pdf
23,Entry-Level-Internship,,Files/pdfs/career/Entry-Level-Internship.pdf
24,Entry-Level-Student,,Files/pdfs/career/Entry-Level-Student.pdf
25,Experienced-Grad-Student-Cover-Letter,,Files/pdfs/career/Experienced-Grad-Student-Cover-Letter.pdf
26,First-Year-Student-Example,,Files/pdfs/career/First-Year-Student-Example.pdf
27,Freshman-Cover-Letter,,Files/pdfs/career/Freshman-Cover-Letter.pdf
28,GPSRequirements,,Files/pdfs/career/GPSRequirements.pdf
29,Informational-Interview,,Files/pdfs/career/Informational-Interview.pdf
30,Internship-Cover-Letter,,Files/pdfs/career/Internship-Cover-Letter.pdf
31,MBA-Human-Resources,,Files/pdfs/career/MBA-Human-Resources.pdf
32,New-or-Recent-Grad-Cover-Letter,,Files/pdfs/career/New-or-Recent-Grad-Cover-Letter.pdf
33,Psychology-major,,Files/pdfs/career/Psychology-major.pdf
34,RUAccess-TimeSheets-instructions,,Files/pdfs/career/RUAccess-TimeSheets-instructions.pdf
35,Sample-Thank-You-Email-Letter,,Files/pdfs/career/Sample-Thank-You-Email-Letter.pdf
36,Student-Hiring--Student-Perspective,,Files/pdfs/career/Student-Hiring--Student-Perspective.pdf
37,StudentEmploymentHandbook,,Files/pdfs/career/StudentEmploymentHandbook.pdf
38,BMLA-application,,Files/pdfs/college-cas/drake/BMLA-application.pdf
39,BMLA-Emergency-Contact-Form,,Files/pdfs/college-cas/drake/BMLA-Emergency-Contact-Form.pdf
40,BMLA-Wavier-Form,,Files/pdfs/college-cas/drake/BMLA-Wavier-Form.pdf
41,MinkovGreatIdeasFall2009,,Files/pdfs/college-cas/montesquieu/MinkovGreatIdeasFall2009.pdf
42,MinkovPHIL250HistoryofPhilosophyFall2012,,Files/pdfs/college-cas/montesquieu/MinkovPHIL250HistoryofPhilosophyFall2012.pdf
43,MinkovPHIL250MedievalPoliticalPhilosophyFall2010,,Files/pdfs/college-cas/montesquieu/MinkovPHIL250MedievalPoliticalPhilosophyFall2010.pdf
44,MinkovPHIL250OnHappinessSpring2012,,Files/pdfs/college-cas/montesquieu/MinkovPHIL250OnHappinessSpring2012.pdf
45,MinkovPHIL331PhilosophyofNatureFall2014,,Files/pdfs/college-cas/montesquieu/MinkovPHIL331PhilosophyofNatureFall2014.pdf
46,WarnerACP110Spring2013,,Files/pdfs/college-cas/montesquieu/WarnerACP110Spring2013.pdf
47,WarnerACP110Spring2014,,Files/pdfs/college-cas/montesquieu/WarnerACP110Spring2014.pdf
48,WarnerPHIL101IntroductiontoPhilosophy,,Files/pdfs/college-cas/montesquieu/WarnerPHIL101IntroductiontoPhilosophy.pdf
49,WarnerPHIL350PhilosophyinFilmFall2012,,Files/pdfs/college-cas/montesquieu/WarnerPHIL350PhilosophyinFilmFall2012.pdf
50,WarnerPHIL370PlatosRepublicFall2011,,Files/pdfs/college-cas/montesquieu/WarnerPHIL370PlatosRepublicFall2011.pdf
51,WarnerPHIL371HerodotussHistorySpring20092ndversion,,Files/pdfs/college-cas/montesquieu/WarnerPHIL371HerodotussHistorySpring20092ndversion.pdf
52,WarnerPHIL373MontaignesEssaysFall2010,,Files/pdfs/college-cas/montesquieu/WarnerPHIL373MontaignesEssaysFall2010.pdf
53,Fall-Day-Schedule,,Files/pdfs/college-cas/paralegal/Fall-Day-Schedule.pdf
54,Fall-Eve-Schedule,,Files/pdfs/college-cas/paralegal/Fall-Eve-Schedule.pdf
55,IPA-Scholarship-Application,,Files/pdfs/college-cas/paralegal/IPA-Scholarship-Application.pdf
56,IPA-Scholarship-Rubric,,Files/pdfs/college-cas/paralegal/IPA-Scholarship-Rubric.pdf
57,IPA-Scholarship-rules,,Files/pdfs/college-cas/paralegal/IPA-Scholarship-rules.pdf
58,ParalegalStudiesGainfulEmploymentDisclosure,,Files/pdfs/college-cas/paralegal/ParalegalStudiesGainfulEmploymentDisclosure.pdf
59,SCH-Fall-Schedule,,Files/pdfs/college-cas/paralegal/SCH-Fall-Schedule.pdf
60,Spring-Day-Schedule,,Files/pdfs/college-cas/paralegal/Spring-Day-Schedule.pdf
61,Spring-Eve-Schedule,,Files/pdfs/college-cas/paralegal/Spring-Eve-Schedule.pdf
62,Tuition-Fees-Paralegal-PostBac-Cert,,Files/pdfs/college-cas/paralegal/Tuition-Fees-Paralegal-PostBac-Cert.pdf
63,PastRUMathColloquium,,Files/pdfs/college-cas/PastRUMathColloquium.pdf
64,PsyDrequireddata,,Files/pdfs/college-cas/PsyDrequireddata.pdf
65,PsyDStudentManual,,Files/pdfs/college-cas/PsyDStudentManual.pdf
66,Audition-Requirements,,Files/pdfs/college-ccpa/Audition-Requirements.pdf
67,CCPA-Student-Handbook-Supplement,,Files/pdfs/college-ccpa/CCPA-Student-Handbook-Supplement.pdf
68,DVD-Request-Form,,Files/pdfs/college-ccpa/DVD-Request-Form.pdf
69,Kickoff-Week-Schedule-Music-Conservatory,,Files/pdfs/college-ccpa/Kickoff-Week-Schedule-Music-Conservatory.pdf
70,Kickoff-Week-Schedule-Theatre-Conservatory,,Files/pdfs/college-ccpa/Kickoff-Week-Schedule-Theatre-Conservatory.pdf
71,MUSIC-C-HANDBOOK,,Files/pdfs/college-ccpa/MUSIC-C-HANDBOOK.pdf
72,NASM-PAMA-Hearing-Health-for-Students,,Files/pdfs/college-ccpa/NASM-PAMA-Hearing-Health-for-Students.pdf
73,NASM-PAMA-Neuromusculoskeletal-Health,,Files/pdfs/college-ccpa/NASM-PAMA-Neuromusculoskeletal-Health.pdf
74,NASM-PAMA-Vocal-Health,,Files/pdfs/college-ccpa/NASM-PAMA-Vocal-Health.pdf
75,Out-of-the-Casting-Pool,,Files/pdfs/college-ccpa/Out-of-the-Casting-Pool.pdf
76,SoloCompetitionEntryForm,,Files/pdfs/college-ccpa/SoloCompetitionEntryForm.pdf
77,SoloCompetitionRepertoire,,Files/pdfs/college-ccpa/SoloCompetitionRepertoire.pdf
78,Transfer-Acknowledgement-Form-NASM,,Files/pdfs/college-ccpa/Transfer-Acknowledgement-Form-NASM.pdf
79,2018cohort,,Files/pdfs/college-cob/2018cohort.pdf
80,Bloomberg-Market-Concepts-An-Introduction-to-Finance-Powered-by-Bloomberg,,Files/pdfs/college-cob/Bloomberg-Market-Concepts-An-Introduction-to-Finance-Powered-by-Bloomberg.pdf
81,CCCF-Annual-Report_2016_2017,,Files/pdfs/college-cob/CCCF-Annual-Report_2016_2017.pdf
82,CCCF-Annual-Report-Fall-2018,,Files/pdfs/college-cob/CCCF-Annual-Report-Fall-2018.pdf
83,CCCFFellowsAnnualReport20,,Files/pdfs/college-cob/CCCFFellowsAnnualReport20.pdf
84,Executive-Master-of-Hospitality-and-Tourism-Management,,Files/pdfs/college-cob/fact-sheets/Executive-Master-of-Hospitality-and-Tourism-Management.pdf
85,MA-Strategy-and-Leadership,,Files/pdfs/college-cob/fact-sheets/MA-Strategy-and-Leadership.pdf
86,MS-Hospitality-and-Tourism-Management,,Files/pdfs/college-cob/fact-sheets/MS-Hospitality-and-Tourism-Management.pdf
87,Graduate-Programs-Student-Learning-Outcomes,,Files/pdfs/college-cob/Graduate-Programs-Student-Learning-Outcomes.pdf
88,kickoffevent,,Files/pdfs/college-cob/kickoffevent.pdf
89,MB-Institute-of-Real-Estate-FERPA,,Files/pdfs/college-cob/MB-Institute-of-Real-Estate-FERPA.pdf
90,PDFHEEFSp16,,Files/pdfs/college-cob/PDFHEEFSp16.pdf
91,ARESAp16,,Files/pdfs/college-cob/real-estate/ARESAp16.pdf
92,CARMBIREAP,,Files/pdfs/college-cob/real-estate/CARMBIREAP.pdf
93,LostinPlace124,,Files/pdfs/college-cob/real-estate/LostinPlace124.pdf
94,MBIRE-Scholarship-Application,,Files/pdfs/college-cob/real-estate/MBIRE-Scholarship-Application.pdf
95,MBIRE-Sponsorship-Brochure,,Files/pdfs/college-cob/real-estate/MBIRE-Sponsorship-Brochure.pdf
96,Real-Estate-Gala-2016-Final-ProgramNov102016,,Files/pdfs/college-cob/real-estate/Real-Estate-Gala-2016-Final-ProgramNov102016.pdf
97,Real-Estate-Gala-Sponsors-flyer,,Files/pdfs/college-cob/real-estate/Real-Estate-Gala-Sponsors-flyer.pdf
98,UndergradScholarshipsApplication-BSBA-RE,,Files/pdfs/college-cob/real-estate/UndergradScholarshipsApplication-BSBA-RE.pdf
99,RoldanFactsheet,,Files/pdfs/college-cob/RoldanFactsheet.pdf
100,Undergraduate-Programs-Student-Learning-Outcomes,,Files/pdfs/college-cob/Undergraduate-Programs-Student-Learning-Outcomes.pdf
101,Partnership-Services-Brochure,,Files/pdfs/college-coe/Partnership-Services-Brochure.pdf
102,COP-Scholarship-Terms-and-Conditions,,Files/pdfs/college-cop/COP-Scholarship-Terms-and-Conditions.pdf
103,pharmd-factsheet,,Files/pdfs/college-cop/fact-sheets/pharmd-factsheet.pdf
104,Immunization_Instructions_and_Form,,Files/pdfs/college-cop/Immunization_Instructions_and_Form.pdf
105,Immunization-Requirements-Chart,,Files/pdfs/college-cop/Immunization-Requirements-Chart.pdf
106,Pharmacy-Academic-Calendar,,Files/pdfs/college-cop/Pharmacy-Academic-Calendar.pdf
107,Pharmacy-Student-Handbook,,Files/pdfs/college-cop/Pharmacy-Student-Handbook.pdf
108,RU-COP-Curriculum,,Files/pdfs/college-cop/RU-COP-Curriculum.pdf
109,RUCOP-Student-Org-Manual,,Files/pdfs/college-cop/RUCOP-Student-Org-Manual.pdf
110,Technical-Standards-Form,,Files/pdfs/college-cop/Technical-Standards-Form.pdf
111,WebMatAgreement,,Files/pdfs/college-cop/WebMatAgreement.pdf
112,1920-parentPLUSLoanChangeRequest,,Files/pdfs/financial-aid/1920-parentPLUSLoanChangeRequest.pdf
113,1920-studentLoanChangeRequest,,Files/pdfs/financial-aid/1920-studentLoanChangeRequest.pdf
114,2019-2020-Fallen-Heroes-Scholarship-Application,,Files/pdfs/financial-aid/2019-2020-Fallen-Heroes-Scholarship-Application.pdf
115,2020-2021-Fallen-Heroes-Scholarship-Application,,Files/pdfs/financial-aid/2020-2021-Fallen-Heroes-Scholarship-Application.pdf
116,2021_parentPLUSLoanChangeRequest,,Files/pdfs/financial-aid/2021_parentPLUSLoanChangeRequest.pdf
117,2021-studentLoanChangeRequest,,Files/pdfs/financial-aid/2021-studentLoanChangeRequest.pdf
118,2020-2021-Borrowers-Acknowledgement-Form,,Files/pdfs/financial-aid/appeal-forms/2020-2021/2020-2021-Borrowers-Acknowledgement-Form.pdf
119,2020-2021-Budget-Appeal-Form,,Files/pdfs/financial-aid/appeal-forms/2020-2021/2020-2021-Budget-Appeal-Form.pdf
120,2020-2021-Dependency-Override-Appeal-Form,,Files/pdfs/financial-aid/appeal-forms/2020-2021/2020-2021-Dependency-Override-Appeal-Form.pdf
121,2020-2021-Satisfactory-Academic-Progress-Appeal,,Files/pdfs/financial-aid/appeal-forms/2020-2021/2020-2021-Satisfactory-Academic-Progress-Appeal.pdf
122,2020-2021-Special-Circumstances-Appeal,,Files/pdfs/financial-aid/appeal-forms/2020-2021/2020-2021-Special-Circumstances-Appeal.pdf
123,2020-2021-Unusual-Enrollment-History-Appeal,,Files/pdfs/financial-aid/appeal-forms/2020-2021/2020-2021-Unusual-Enrollment-History-Appeal.pdf
124,Title-IV-Dual-Auth,,Files/pdfs/financial-aid/consent-forms/Title-IV-Dual-Auth.pdf
125,TitleIVRefund,,Files/pdfs/financial-aid/consent-forms/TitleIVRefund.pdf
126,Summer-Aid-Application,,Files/pdfs/financial-aid/Summer-Aid-Application.pdf
127,2019-2020-Satisfactory-Academic-Progress-Appeal,,Files/pdfs/financial-aid/verification-forms/2019-2020/2019-2020-Satisfactory-Academic-Progress-Appeal.pdf
128,2019-2020-Summer-2020-Financial-Aid-Eligibility,,Files/pdfs/financial-aid/verification-forms/2019-2020/2019-2020-Summer-2020-Financial-Aid-Eligibility.pdf
129,2019-2020-Verification-of-High-School-Completion,,Files/pdfs/financial-aid/verification-forms/2019-2020/2019-2020-Verification-of-High-School-Completion.pdf
130,2019-2020-Verification-of-Identify,,Files/pdfs/financial-aid/verification-forms/2019-2020/2019-2020-Verification-of-Identify.pdf
131,2019-2020-Verification-Worksheet,,Files/pdfs/financial-aid/verification-forms/2019-2020/2019-2020-Verification-Worksheet.pdf
132,2019-2020-TEACH-Grant-App,,Files/pdfs/financial-aid/verification-forms/2020-2021/2019-2020-TEACH-Grant-App.pdf
133,2020-2021-TEACH-Grant-App,,Files/pdfs/financial-aid/verification-forms/2020-2021/2020-2021-TEACH-Grant-App.pdf
134,2020-2021-Verification-of-High-School-Completion,,Files/pdfs/financial-aid/verification-forms/2020-2021/2020-2021-Verification-of-High-School-Completion.pdf
135,2020-2021-Verification-of-Identify,,Files/pdfs/financial-aid/verification-forms/2020-2021/2020-2021-Verification-of-Identify.pdf
136,2020-2021-Verification-Worksheet,,Files/pdfs/financial-aid/verification-forms/2020-2021/2020-2021-Verification-Worksheet.pdf
137,Summer-2020-Financial-Aid-Eligibility-Form,,Files/pdfs/financial-aid/verification-forms/2020-2021/Summer-2020-Financial-Aid-Eligibility-Form.pdf
138,CDS_2017-2018-final,,Files/pdfs/institutional-research/CDS_2017-2018-final.pdf
139,Exchange-Student-Application,,Files/pdfs/international/Exchange-Student-Application.pdf
140,Letter-DLorBank,,Files/pdfs/international/Letter-DLorBank.pdf
141,Letter-Invitation,,Files/pdfs/international/Letter-Invitation.pdf
142,letter-request-form,,Files/pdfs/international/letter-request-form.pdf
143,Travel-Signature-Request,,Files/pdfs/international/Travel-Signature-Request.pdf
144,01BlackboardLoginInstruct,,Files/pdfs/ITS/Blackboard/01BlackboardLoginInstruct.pdf
145,AssignmentLink-Using,,Files/pdfs/ITS/Blackboard/AssignmentLink-Using.pdf
146,Avatar-Photo-Adding,,Files/pdfs/ITS/Blackboard/Avatar-Photo-Adding.pdf
147,BlogEntry-Creating,,Files/pdfs/ITS/Blackboard/BlogEntry-Creating.pdf
148,DiscussionCreateAThreadPost,,Files/pdfs/ITS/Blackboard/DiscussionCreateAThreadPost.pdf
149,JournalEntry-Creating,,Files/pdfs/ITS/Blackboard/JournalEntry-Creating.pdf
150,MyGrades-Viewing,,Files/pdfs/ITS/Blackboard/MyGrades-Viewing.pdf
151,Self-Enroll-Course-Community,,Files/pdfs/ITS/Blackboard/Self-Enroll-Course-Community.pdf
152,SendEmail,,Files/pdfs/ITS/Blackboard/SendEmail.pdf
153,Spring-2017-Course-Schedule-Session-3A-Flex-Track,,Files/pdfs/ITS/Blackboard/Spring-2017-Course-Schedule-Session-3A-Flex-Track.pdf
154,Spring-2017-Course-Schedule-Session-3B-Flex-Track,,Files/pdfs/ITS/Blackboard/Spring-2017-Course-Schedule-Session-3B-Flex-Track.pdf
155,Spring-2017-Course-Schedule-Session-8-Online-Courses,,Files/pdfs/ITS/Blackboard/Spring-2017-Course-Schedule-Session-8-Online-Courses.pdf
156,Survey-Complete,,Files/pdfs/ITS/Blackboard/Survey-Complete.pdf
157,Test-Taking,,Files/pdfs/ITS/Blackboard/Test-Taking.pdf
158,TurnItIn-Submitting,,Files/pdfs/ITS/Blackboard/TurnItIn-Submitting.pdf
159,ViewingDownloadandSavingFiles,,Files/pdfs/ITS/Blackboard/ViewingDownloadandSavingFiles.pdf
160,ViewingTurnItInAssignments,,Files/pdfs/ITS/Blackboard/ViewingTurnItInAssignments.pdf
161,WikiPage-Creating,,Files/pdfs/ITS/Blackboard/WikiPage-Creating.pdf
162,Spring-2020-Course-Finder-Static-063020,,Files/pdfs/ITS/Spring-2020-Course-Finder-Static-063020.pdf
163,Summer-2020-Course-Finder-Static-063020,,Files/pdfs/ITS/Summer-2020-Course-Finder-Static-063020.pdf
164,Summer-Pharmacy-2020-Course-Finder-Static-063020,,Files/pdfs/ITS/Summer-Pharmacy-2020-Course-Finder-Static-063020.pdf
165,FacultyDirectory,,Files/pdfs/library/FacultyDirectory.pdf
166,TrusteesDirectory,,Files/pdfs/library/TrusteesDirectory.pdf
167,bibliography,,Files/pdfs/new-deal/bibliography.pdf
168,mural-worksheet,,Files/pdfs/new-deal/mural-worksheet.pdf
169,news-timeline,,Files/pdfs/new-deal/news-timeline.pdf
170,Closed-By-Choice,,Files/pdfs/news/Closed-By-Choice.pdf
171,ConflictOfInterestResearc,,Files/pdfs/policies/Academic/ConflictOfInterestResearc.pdf
172,Policy-AcademicDishonestyAppeals,,Files/pdfs/policies/Academic/Policy-AcademicDishonestyAppeals.pdf
173,Policy-GradeAppeals,,Files/pdfs/policies/Academic/Policy-GradeAppeals.pdf
174,RepeatedCoursePolicy,,Files/pdfs/policies/Academic/RepeatedCoursePolicy.pdf
175,RetentionOfConfidentialLetters,,Files/pdfs/policies/Academic/RetentionOfConfidentialLetters.pdf
176,ru-policy-no-0-1-academic-integrity-policy-and-appeals-procedure-rev-08-15-18,,Files/pdfs/policies/Academic/ru-policy-no-0-1-academic-integrity-policy-and-appeals-procedure-rev-08-15-18.pdf
177,ru-policy-no-0-16-jury-duty-policy-for-students-rev-08-15-18,,Files/pdfs/policies/Academic/ru-policy-no-0-16-jury-duty-policy-for-students-rev-08-15-18.pdf
178,ru-policy-no-0-17-military-leave-policy-for-students-rev-08-15-18,,Files/pdfs/policies/Academic/ru-policy-no-0-17-military-leave-policy-for-students-rev-08-15-18.pdf
179,ru-policy-no-00-2-final-grade-policy-and-appeals-procedure-rev-08-15-18,,Files/pdfs/policies/Academic/ru-policy-no-00-2-final-grade-policy-and-appeals-procedure-rev-08-15-18.pdf
180,ru-policy-no-00-4-academic-forgiveness-policy-and-procedure-rev-08-15-18,,Files/pdfs/policies/Academic/ru-policy-no-00-4-academic-forgiveness-policy-and-procedure-rev-08-15-18.pdf
181,93ConcealCarry,,Files/pdfs/policies/CampusSafety/93ConcealCarry.pdf
182,AUD-WB-Access,,Files/pdfs/policies/CampusSafety/AUD-WB-Access.pdf
183,student-residence-guest-access-9-1,,Files/pdfs/policies/CampusSafety/student-residence-guest-access-9-1.pdf
184,DisplayingItemsInWindows,,Files/pdfs/policies/Communications/DisplayingItemsInWindows.pdf
185,Image-EditorialStyle,,Files/pdfs/policies/Communications/Image-EditorialStyle.pdf
186,IntellectualProperty,,Files/pdfs/policies/Communications/IntellectualProperty.pdf
187,Political-Candidates-Speakers-Policy,,Files/pdfs/policies/Communications/Political-Candidates-Speakers-Policy.pdf
188,PoliticalActivityStudentOrgs,,Files/pdfs/policies/Communications/PoliticalActivityStudentOrgs.pdf
189,VisualCommunications,,Files/pdfs/policies/Communications/VisualCommunications.pdf
190,BikeRoomUsagePolicy,,Files/pdfs/policies/Facilities/BikeRoomUsagePolicy.pdf
191,CampusFacilitiesRental,,Files/pdfs/policies/Facilities/CampusFacilitiesRental.pdf
192,HoverBoard,,Files/pdfs/policies/Facilities/HoverBoard.pdf
193,MichiganAveLobby,,Files/pdfs/policies/Facilities/MichiganAveLobby.pdf
194,faculty-handbook,,Files/pdfs/policies/faculty-handbook.pdf
195,CompensationAndEffort-4-5,,Files/pdfs/policies/Finance/CompensationAndEffort-4-5.pdf
196,Cost-Sharing-4-13,,Files/pdfs/policies/Finance/Cost-Sharing-4-13.pdf
197,CostTransfers-4-6,,Files/pdfs/policies/Finance/CostTransfers-4-6.pdf
198,DirectCosting-4-10,,Files/pdfs/policies/Finance/DirectCosting-4-10.pdf
199,EmployeeTravelReimbursement,,Files/pdfs/policies/Finance/EmployeeTravelReimbursement.pdf
200,EquipmentPolicy-4-9,,Files/pdfs/policies/Finance/EquipmentPolicy-4-9.pdf
201,FacilitiesAndAdministrationPolicy-4-4,,Files/pdfs/policies/Finance/FacilitiesAndAdministrationPolicy-4-4.pdf
202,Pre-award-Expenditures-4-7,,Files/pdfs/policies/Finance/Pre-award-Expenditures-4-7.pdf
203,RecordRetention-4-8,,Files/pdfs/policies/Finance/RecordRetention-4-8.pdf
204,RedFlagPolicy-IdentityTheft,,Files/pdfs/policies/Finance/RedFlagPolicy-IdentityTheft.pdf
205,ServiceRecharge-4-11,,Files/pdfs/policies/Finance/ServiceRecharge-4-11.pdf
206,10_2-indemnification-policy-rev-03-12-18,,Files/pdfs/policies/general-counsel/10_2-indemnification-policy-rev-03-12-18.pdf
207,acceptance-of-summonses-complaints-and-subpoenas-10-1-rev101117,,Files/pdfs/policies/general-counsel/acceptance-of-summonses-complaints-and-subpoenas-10-1-rev101117.pdf
208,ru-policy-no-10-4-outside-counsel-policy-and-procedure,,Files/pdfs/policies/general-counsel/ru-policy-no-10-4-outside-counsel-policy-and-procedure.pdf
209,1_1-creating-and-awarding-presidential-awards-rev-03-12-18,,Files/pdfs/policies/Governance/1_1-creating-and-awarding-presidential-awards-rev-03-12-18.pdf
210,InstitutesAndCenters,,Files/pdfs/policies/Governance/InstitutesAndCenters.pdf
211,2_3-relocation-expense-policy-rev-03-12-18,,Files/pdfs/policies/HumanResources/2_3-relocation-expense-policy-rev-03-12-18.pdf
212,abused-and-neglected-child-policy-2-7-rev-10-11-17,,Files/pdfs/policies/HumanResources/abused-and-neglected-child-policy-2-7-rev-10-11-17.pdf
213,COI-COC-Policy,,Files/pdfs/policies/HumanResources/COI-COC-Policy.pdf
214,COIDisclosure,,Files/pdfs/policies/HumanResources/COIDisclosure.pdf
215,consensual-romantic-and-physical-relationship-policy-2-5-rev-11-8-17,,Files/pdfs/policies/HumanResources/consensual-romantic-and-physical-relationship-policy-2-5-rev-11-8-17.pdf
216,equal-employment-opportunity-policy-2-8-rev-10-11-17,,Files/pdfs/policies/HumanResources/equal-employment-opportunity-policy-2-8-rev-10-11-17.pdf
217,HIPAANotice,,Files/pdfs/policies/HumanResources/HIPAANotice.pdf
218,HIPAANotice,,Files/pdfs/policies/HumanResources/HIPAANotice.pdf
219,HiringWorkersUnder16,,Files/pdfs/policies/HumanResources/HiringWorkersUnder16.pdf
220,MinimumQualificationsAdmin,,Files/pdfs/policies/HumanResources/MinimumQualificationsAdmin.pdf
221,OutOfCountryTravel,,Files/pdfs/policies/HumanResources/OutOfCountryTravel.pdf
222,ServiceAnimal,,Files/pdfs/policies/HumanResources/ServiceAnimal.pdf
223,ServingAlcohol,,Files/pdfs/policies/HumanResources/ServingAlcohol.pdf
224,Whistleblower,,Files/pdfs/policies/HumanResources/Whistleblower.pdf
225,cellphonepolicy,,Files/pdfs/policies/ITS/cellphonepolicy.pdf
226,ComputerDonation,,Files/pdfs/policies/ITS/ComputerDonation.pdf
227,LaptopPolicy,,Files/pdfs/policies/ITS/LaptopPolicy.pdf
228,MicrosoftExchange,,Files/pdfs/policies/ITS/MicrosoftExchange.pdf
229,Password,,Files/pdfs/policies/ITS/Password.pdf
230,UniversityTechPool,,Files/pdfs/policies/ITS/UniversityTechPool.pdf
231,policy-00-09-credit-hour-policy,,Files/pdfs/policies/policy-00-09-credit-hour-policy.pdf
232,policy-00-14-class-attendance-reporting-policy,,Files/pdfs/policies/policy-00-14-class-attendance-reporting-policy.pdf
233,policy-00-15-religious-holidays-policy-for-students,,Files/pdfs/policies/policy-00-15-religious-holidays-policy-for-students.pdf
234,policy-01-04-formation-issuance-university-policy,,Files/pdfs/policies/policy-01-04-formation-issuance-university-policy.pdf
235,policy-02-01-prohibiting-discrimination-harassment-bullying-and-retaliation,,Files/pdfs/policies/policy-02-01-prohibiting-discrimination-harassment-bullying-and-retaliation.pdf
236,policy-02-02-confidentiality,,Files/pdfs/policies/policy-02-02-confidentiality.pdf
237,policy-02-06-drug-alcohol-free-workplace,,Files/pdfs/policies/policy-02-06-drug-alcohol-free-workplace.pdf
238,policy-02-17-professional-code-of-conduct,,Files/pdfs/policies/policy-02-17-professional-code-of-conduct.pdf
239,policy-02-18-biometric-information,,Files/pdfs/policies/policy-02-18-biometric-information.pdf
240,policy-03-11-sexual-misconduct-title-ix,,Files/pdfs/policies/policy-03-11-sexual-misconduct-title-ix.pdf
241,policy-03-12-involuntary-withdrawal,,Files/pdfs/policies/policy-03-12-involuntary-withdrawal.pdf
242,policy-03-15-applicants-misconduct-convictions,,Files/pdfs/policies/policy-03-15-applicants-misconduct-convictions.pdf
243,policy-03-16-serious-communicable-disease-reporting,,Files/pdfs/policies/policy-03-16-serious-communicable-disease-reporting.pdf
244,policy-04-12-research-sponsored-program,,Files/pdfs/policies/policy-04-12-research-sponsored-program.pdf
245,policy-06-01-university-sponsored-student-travel,,Files/pdfs/policies/policy-06-01-university-sponsored-student-travel.pdf
246,policy-06-01F-student-travel-form,,Files/pdfs/policies/policy-06-01F-student-travel-form.pdf
247,policy-06-03-purchasing-policy-and-procedure,,Files/pdfs/policies/policy-06-03-purchasing-policy-and-procedure.pdf
248,policy-06-04-contract-policy-and-procedure,,Files/pdfs/policies/policy-06-04-contract-policy-and-procedure.pdf
249,policy-06-05-policy-on-women-and-minority-owned-vendors,,Files/pdfs/policies/policy-06-05-policy-on-women-and-minority-owned-vendors.pdf
250,policy-06-08-tax-exempt-financing-compliance-policy-and-procedure,,Files/pdfs/policies/policy-06-08-tax-exempt-financing-compliance-policy-and-procedure.pdf
251,policy-07-01-acceptable-use-electronic-resources,,Files/pdfs/policies/policy-07-01-acceptable-use-electronic-resources.pdf
252,policy-07-06-accessibility-information-technology,,Files/pdfs/policies/policy-07-06-accessibility-information-technology.pdf
253,policy-09-04-identification-card-policy-and-procedures,,Files/pdfs/policies/policy-09-04-identification-card-policy-and-procedures.pdf
254,policy-11-01-bot-debt-policy,,Files/pdfs/policies/policy-11-01-bot-debt-policy.pdf
255,ChemicalHygienePlan,,Files/pdfs/policies/Safety/ChemicalHygienePlan.pdf
256,EHS-Committee-Minutes-Feb25-14,,Files/pdfs/policies/Safety/EHS-Committee-Minutes-Feb25-14.pdf
257,EmergencyResponseProtocol-BPS,,Files/pdfs/policies/Safety/EmergencyResponseProtocol-BPS.pdf
258,EmergencyResponseProtocols-SCH,,Files/pdfs/policies/Safety/EmergencyResponseProtocols-SCH.pdf
259,EmergencyResponseProtocols,,Files/pdfs/policies/Safety/EmergencyResponseProtocols.pdf
260,ERFlowChart-Chemical-Spill,,Files/pdfs/policies/Safety/ERFlowChart-Chemical-Spill.pdf
261,ERFlowChart-CutPuncture,,Files/pdfs/policies/Safety/ERFlowChart-CutPuncture.pdf
262,FacilitySafetyInspectionChecklist,,Files/pdfs/policies/Safety/FacilitySafetyInspectionChecklist.pdf
263,IncidentReport-BCPS,,Files/pdfs/policies/Safety/IncidentReport-BCPS.pdf
264,IncidentReport,,Files/pdfs/policies/Safety/IncidentReport.pdf
265,InternalIncidentReport-BPS,,Files/pdfs/policies/Safety/InternalIncidentReport-BPS.pdf
266,ExchangeAndNon-exchange,,Files/pdfs/policies/Student/ExchangeAndNon-exchange.pdf
267,MentalHealthContact,,Files/pdfs/policies/Student/MentalHealthContact.pdf
268,ResidencyRequirementsForUG,,Files/pdfs/policies/Student/ResidencyRequirementsForUG.pdf
269,ru-policy-no-03-5-policy-and-procedure-on-student-greivances,,Files/pdfs/policies/Student/ru-policy-no-03-5-policy-and-procedure-on-student-greivances.pdf
270,ru-policy-no-3-14-residential-students-with-disabilities-accommodations,,Files/pdfs/policies/Student/ru-policy-no-3-14-residential-students-with-disabilities-accommodations.pdf
271,StudentDeathProtocol,,Files/pdfs/policies/Student/StudentDeathProtocol.pdf
272,StudentRepresentationOnBoards,,Files/pdfs/policies/Student/StudentRepresentationOnBoards.pdf
273,StudyAbroad,,Files/pdfs/policies/Student/StudyAbroad.pdf
274,VAWA-Notice,,Files/pdfs/policies/TitleIX/VAWA-Notice.pdf
275,ConstitutionFac-Rev1111,,Files/pdfs/provost/ConstitutionFac-Rev1111.pdf
276,thesis-dissertation-transmittal,,Files/pdfs/provost/graduate/thesis-dissertation-transmittal.pdf
277,AuthorizationAgreement,,Files/pdfs/provost/IRB/AuthorizationAgreement.docx
278,BasicLearnerInstructions,,Files/pdfs/provost/IRB/BasicLearnerInstructions.pdf
279,ChildAssentForm-Sample,,Files/pdfs/provost/IRB/ChildAssentForm-Sample.pdf
280,Consent-Sample,,Files/pdfs/provost/IRB/Consent-Sample.pdf
281,IRB-Guidebook,,Files/pdfs/provost/IRB/IRB-Guidebook.pdf
282,IRB-Policies,,Files/pdfs/provost/IRB/IRB-Policies.pdf
283,ParentalConsentForm-Sample,,Files/pdfs/provost/IRB/ParentalConsentForm-Sample.pdf
284,ResearchParticipatPolicy,,Files/pdfs/provost/IRB/ResearchParticipatPolicy.pdf
285,SupplementalIRBInformation-Consent,,Files/pdfs/provost/IRB/SupplementalIRBInformation-Consent.pdf
286,OSR-Fellowship-Eligibility-Application-Expectations,,Files/pdfs/provost/OSR-Fellowship-Eligibility-Application-Expectations.pdf
287,ROOSEVELTFacilityUtilizat,,Files/pdfs/registrar/25Live/ROOSEVELTFacilityUtilizat.pdf
288,AddDropForm,,Files/pdfs/registrar/AddDropForm.pdf
289,AlumniRegistrationForm,,Files/pdfs/registrar/AlumniRegistrationForm.pdf
290,ApostilleRequest,,Files/pdfs/registrar/ApostilleRequest.pdf
291,Change-of-Program-UG,,Files/pdfs/registrar/Change-of-Program-UG.pdf
292,ClepScoresAcceptable,,Files/pdfs/registrar/ClepScoresAcceptable.pdf
293,CourseSelectionWorksheet,,Files/pdfs/registrar/CourseSelectionWorksheet.pdf
294,DegreeWorksFacultyStaffUsersGuide,,Files/pdfs/registrar/DegreeWorksFacultyStaffUsersGuide.pdf
295,DiplomaDuplicateDiplomaRq,,Files/pdfs/registrar/DiplomaDuplicateDiplomaRq.pdf
296,DWStudentUserGuide,,Files/pdfs/registrar/DWStudentUserGuide.pdf
297,EdRecordRequestForm,,Files/pdfs/registrar/EdRecordRequestForm.pdf
298,ExceptionResidency,,Files/pdfs/registrar/ExceptionResidency.pdf
299,ExtensionIgradeForm,,Files/pdfs/registrar/ExtensionIgradeForm.pdf
300,FERPA-consent-form,,Files/pdfs/registrar/FERPA-consent-form.pdf
301,GradAdv,,Files/pdfs/registrar/GradAdv.pdf
302,GradProgramChange,,Files/pdfs/registrar/GradProgramChange.pdf
303,GraduationApplSecondDegree,,Files/pdfs/registrar/GraduationApplSecondDegree.pdf
304,IndependentStudyForm,,Files/pdfs/registrar/IndependentStudyForm.pdf
305,IndepStudyCompensation,,Files/pdfs/registrar/IndepStudyCompensation.pdf
306,IndividualSectionRegistration,,Files/pdfs/registrar/IndividualSectionRegistration.pdf
307,PassFailGradeSelectionForm,,Files/pdfs/registrar/PassFailGradeSelectionForm.pdf
308,Petition-W-grade,,Files/pdfs/registrar/Petition-W-grade.pdf
309,PetitionTuitionAdjustment,,Files/pdfs/registrar/PetitionTuitionAdjustment.pdf
310,Schaumburg-CTA-U-Pass-Request-Form,,Files/pdfs/registrar/Schaumburg-CTA-U-Pass-Request-Form.pdf
311,TasselsbyCollegeandDegree,,Files/pdfs/registrar/TasselsbyCollegeandDegree.pdf
312,Transfer-Credit-Policy,,Files/pdfs/registrar/Transfer-Credit-Policy.pdf
313,WithholdDirectory,,Files/pdfs/registrar/WithholdDirectory.pdf
314,AddMealplan,,Files/pdfs/residence-life/AddMealplan.pdf
315,BedProductSpecification,,Files/pdfs/residence-life/BedProductSpecification.pdf
316,DeskProductSpecification,,Files/pdfs/residence-life/DeskProductSpecification.pdf
317,Filling-out-a-housing-application-on-the-Roosevelt-University-Housing-Portal,,Files/pdfs/residence-life/Filling-out-a-housing-application-on-the-Roosevelt-University-Housing-Portal.pdf
318,HealthSafetyProhibitedItems,,Files/pdfs/residence-life/HealthSafetyProhibitedItems.pdf
319,How-to-Create-and-Join-Roommate-Groups--on-the-Roosevelt-University-Housing-Portal,,Files/pdfs/residence-life/How-to-Create-and-Join-Roommate-Groups--on-the-Roosevelt-University-Housing-Portal.pdf
320,Request-for-Accommodations-for-Residential-Students-with-Disabilities,,Files/pdfs/residence-life/Request-for-Accommodations-for-Residential-Students-with-Disabilities.pdf
321,Selecting-a-room-using-the-Roosevelt-University-Housing-Portal,,Files/pdfs/residence-life/Selecting-a-room-using-the-Roosevelt-University-Housing-Portal.pdf
322,WardobreProductSpecification,,Files/pdfs/residence-life/WardobreProductSpecification.pdf
323,AnnualSecurityReport,,Files/pdfs/safety/AnnualSecurityReport.pdf
324,BiosafetyTraining,,Files/pdfs/safety/BiosafetyTraining.pdf
325,ChemicalHygienePlan,,Files/pdfs/safety/ChemicalHygienePlan.pdf
326,EmergencyResponseProtocol-BPS,,Files/pdfs/safety/EmergencyResponseProtocol-BPS.pdf
327,EmergencyResponseProtocols-SCH,,Files/pdfs/safety/EmergencyResponseProtocols-SCH.pdf
328,EmergencyResponseProtocols,,Files/pdfs/safety/EmergencyResponseProtocols.pdf
329,ERFlowChart-Chemical-Spill,,Files/pdfs/safety/ERFlowChart-Chemical-Spill.pdf
330,ERFlowChart-CutPuncture,,Files/pdfs/safety/ERFlowChart-CutPuncture.pdf
331,FacilitySafetyInspectionChecklist,,Files/pdfs/safety/FacilitySafetyInspectionChecklist.pdf
332,IncidentReport-BCPS,,Files/pdfs/safety/IncidentReport-BCPS.pdf
333,IncidentReport,,Files/pdfs/safety/IncidentReport.pdf
334,InternalIncidentReport-BPS,,Files/pdfs/safety/InternalIncidentReport-BPS.pdf
335,DOE_VWS_12_10_2017_FINAL,,Files/pdfs/student-accounts/DOE_VWS_12_10_2017_FINAL.pdf
336,PNCBankingServicesAgreeme,,Files/pdfs/student-accounts/PNCBankingServicesAgreeme.pdf
337,TouchNet-Payment-Plan-Guide,,Files/pdfs/student-accounts/TouchNet-Payment-Plan-Guide.pdf
338,Updates-1098T,,Files/pdfs/student-accounts/Updates-1098T.pdf
339,Advisor-Handbook-Fall-2018,,Files/pdfs/students/Advisor-Handbook-Fall-2018.pdf
340,ChapterRosterEXAMPLE,,Files/pdfs/students/ChapterRosterEXAMPLE.pdf
341,CSI-After-Hours-Building-Access-Form,,Files/pdfs/students/CSI-After-Hours-Building-Access-Form.pdf
342,CSI-Fundraising-Form2,,Files/pdfs/students/CSI-Fundraising-Form2.pdf
343,Direct-Deposit-Form-Service-Provider-Vendor-060214,,Files/pdfs/students/Direct-Deposit-Form-Service-Provider-Vendor-060214.pdf
344,DIVVY-Discounts,,Files/pdfs/students/DIVVY-Discounts.pdf
345,FERPA-Student-Conduct-Waiver,,Files/pdfs/students/FERPA-Student-Conduct-Waiver.pdf
346,New-Reporting-Requirement-to-Departments,,Files/pdfs/students/New-Reporting-Requirement-to-Departments.pdf
347,OL-Application-2017,,Files/pdfs/students/OL-Application-2017.pdf
348,Relationship-Statement-Fall-2014,,Files/pdfs/students/Relationship-Statement-Fall-2014.pdf
349,ResLifeCSICateringPriceListpdf20152016-1,,Files/pdfs/students/ResLifeCSICateringPriceListpdf20152016-1.pdf
350,RU-immunization-form,,Files/pdfs/students/RU-immunization-form.pdf
351,RU-Volunteer-Agreement,,Files/pdfs/students/RU-Volunteer-Agreement.pdf
352,RUSAFAC---Bylaws-for-Fall-2018,,Files/pdfs/students/RUSAFAC---Bylaws-for-Fall-2018.pdf
353,SAFAC-Proposal-Form-2016,,Files/pdfs/students/SAFAC-Proposal-Form-2016.pdf
354,SAFACProposalSubmissionBadNotAcceptableExample,,Files/pdfs/students/SAFACProposalSubmissionBadNotAcceptableExample.pdf
355,SAFACProposalSubmissionGoodAcceptableExample,,Files/pdfs/students/SAFACProposalSubmissionGoodAcceptableExample.pdf
356,sample-writing-test,,Files/pdfs/students/sample-writing-test.pdf
357,SCB-Application,,Files/pdfs/students/SCB-Application.pdf
358,SCB-Position-Description,,Files/pdfs/students/SCB-Position-Description.pdf
359,SLA--Nomination-Packet-2017,,Files/pdfs/students/SLA--Nomination-Packet-2017.pdf
360,Student-Org-Manual,,Files/pdfs/students/Student-Org-Manual.pdf
361,Student-Organization-Regulations,,Files/pdfs/students/Student-Organization-Regulations.pdf
362,Student-Theme-Menus,,Files/pdfs/students/Student-Theme-Menus.pdf
363,Vendor-Profile-Questionnaire--8-1-14,,Files/pdfs/students/Vendor-Profile-Questionnaire--8-1-14.pdf
364,W-9-December-2014,,Files/pdfs/students/W-9-December-2014.pdf
365,2015_RU-Sustainability-Report,,Files/pdfs/sustainability/2015_RU-Sustainability-Report.pdf
366,SI_Buildings_Goodman-Center-Guide_Updated-072616,,Files/pdfs/sustainability/SI_Buildings_Goodman-Center-Guide_Updated-072616.pdf
367,SI_Buildings_Wabash-Building-Guide_Updated-080916,,Files/pdfs/sustainability/SI_Buildings_Wabash-Building-Guide_Updated-080916.pdf
368,SustainabilityPlan,,Files/pdfs/sustainability/SustainabilityPlan.pdf